stock#,carline,description,fa,colour,loc,dest loc,list price,age,age,deal,status,open ro/po
"HY372","I30","GD4 I30 HATCH ACTIVE 1.8P AUTO","","POLAR WHITE","DAHY","","21590.91","","3600","","STOCK SWAP","N"
"HY3446","I30","PD2 I30 HATCH ACTIVE 2.0P AUTO","","FIERY RED","DAHY","","21965.33","","2850","","STOCK SWAP","N"
"320386768","STARIA LOAD","US4.V2 STARIA LOAD 2S 2.2D LIFTBACK AUTO","","CREAMY WHITE","DAHY","","42036.36","","1354","","ON-ORDER","N"
"320401646","STARIA","US4.V2 STARIA LOAD 2S 2.2D LIFTBACK AUTO","","CREAMY WHITE","DAHY","","43102.39","","1056","","LOANER","N"
"320409464","IONIQ","NE.V4 IONIQ 5 ESSENTIAL 2WD 58.0KWH","","ECOTRONIC GREY","DAHY","","61409.09","","867","","LOANER","N"
"320422436","STARIA","US4.V3 STARIA LOAD 2S 2.2D LIFTBACK AT","","SHIMMERING SILVER","DAHY","","48723.93","","738","","LOANER","N"
"320436281","I30","PDE.V6 I30 HATCH N LINE MHEV 1.5T DCT","","ATLAS WHITE","DAHY","","33152.17","","444","","DLR TRADE","N"
"320451622","KONA HEV","SX2.V2 KONA HEV PRM 1.6P DCT","","ECOTRONIC GREY","DAHY","","40086.36","","429","","STOCK SWAP","N"
"320451082","VENUE","QX.V5 VENUE ACTIVE 1.6P AUTO","","ATLAS WHITE","DAHY","","25130.30","","428","DH16737","DEAL PEND","N"
"320461551","PALISADE","LX3.V1 PALISADE 7S CAL 2.5T HEV AT AWD","","CREAMY WHITE","DAHY","","80940.25","","331","","DLR TRADE","N"
"320460405","STARIA","US4.V3 STARIA 8S 3.5P AUTO","","SHIMMERING SILVER","DAHY","","46399.44","","316","DH17082","DEAL PEND","N"
"320461139","KONA","SX2.V3 KONA 2.0P CVT","","ABYSS BLACK","DAHY","","31056.63","","315","","DEMO","N"
"320462841","VENUE","QX.V5 VENUE ACTIVE 1.6P AUTO","","ATLAS WHITE","DAHY","","25445.23","","296","DH16727","DEAL PEND","N"
"320454039","INSTER","AX.V1 INSTER CROSS SRF 2WD 49 KWH","","ABYSS BLACK","DAHY","","41981.24","","289","","DEMO","Y"
"320462544","PALISADE","LX3.V1 PALISADE 7S CAL 2.5T HEV AT AWD","","CLASSY BLUE","DAHY","","80994.48","","289","","DEMO","N"
"320451065","VENUE","QX.V5 VENUE ACTIVE 1.6P AUTO","","ATLAS WHITE","DAHY","","25496.98","","262","","DEMO","N"
"320467855","TUCSON","NX4.V4 TUCSON ELITE 2.0P AT 2WD","","AMAZON GREY","DAHY","","40751.91","","259","","DEMO","N"
"320466468","SANTA FE HEV","MX5.V2 S.FE HEV 7S CAL BLK 1.6T AWD AUTO","","ECOTRONIC GREY","DAHY","","71743.98","","258","","DEMO","N"
"320466207","STARIA","US4.V3 STARIA LOAD 2S 2.2D TSWING AT","","CREAMY WHITE","DAHY","","59609.24","","253","DHF5777","DEAL PEND","N"
"320462468","PALISADE","LX3.V1 PALISADE 8S CAL 2.5T HEV AT AWD","","CAST IRON BROWN","DAHY","","83291.91","","244","DH17027","DEAL PEND","N"
"320469343","KONA","SX2.V3 KONA 2.0P CVT","","ATLAS WHITE","DAHY","","30636.36","","234","","IN-STOCK","N"
"320469346","KONA","SX2.V3 KONA 2.0P CVT","","ATLAS WHITE","DAHY","","30636.36","","234","","IN-STOCK","N"
"320469347","KONA","SX2.V3 KONA 2.0P CVT","","ATLAS WHITE","DAHY","","31039.41","","234","","IN-STOCK","N"
"320467232","KONA","SX2.V3 KONA PRM SRF 2.0P CVT","","ULTIMATE RED","DAHY","","39992.63","","234","DH17839","DEAL PEND","N"
"320467572","KONA","SX2.V3 KONA 2.0P CVT","","ECOTRONIC GREY","DAHY","","31589.67","","234","","DEMO","N"
"320469340","KONA","SX2.V3 KONA 2.0P CVT","","ATLAS WHITE","DAHY","","31244.41","","234","","DEMO","N"
"320469341","KONA","SX2.V3 KONA 2.0P CVT","","ATLAS WHITE","DAHY","","31264.29","","234","","DEMO","N"
"320467342","KONA","SX2.V3 KONA 2.0P CVT","","ECOTRONIC GREY","DAHY","","31177.27","","232","","IN-STOCK","N"
"320467242","KONA","SX2.V3 KONA PRM SRF 2.0P CVT","","ECOTRONIC GREY","DAHY","","39359.09","","232","","IN-STOCK","N"
"320466767","TUCSON HEV","NX4.V4 TUCSON PRM 1.6T HEV AWD","","ECOTRONIC GREY","DAHY","","54366.42","","232","","IN-STOCK","N"
"320469344","KONA","SX2.V3 KONA 2.0P CVT","","ATLAS WHITE","DAHY","","31070.61","","230","","IN-STOCK","N"
"320469358","KONA","SX2.V3 KONA 2.0P CVT","","MIRAGE GREEN","DAHY","","31401.07","","230","DH17850","DEAL PEND","Y"
"320468501","SANTA FE","MX5.V2 S.FE 7S CAL BLK 2.5T AWD AUTO","","ECOTRONIC GREY","DAHY","","68435.15","","226","","DEMO","N"
"320466419","SANTA FE HEV","MX5.V2 S.FE HEV 7S CAL BLK 1.6T AWD AUTO","","ABYSS BLACK","DAHY","","71233.73","","225","","IN-STOCK","N"
"320468090","ELEXIO","OE1.V1 ELEXIO ELITE 2WD 88KWH","","MEDIUM GREY","DAHY","","57572.72","","214","","DEMO","Y"
"320468318","VENUE","QX.V5 VENUE ELITE BLACK SRF 1.6P AUTO","","ABYSS BLACK","DAHY","","28834.23","","214","","DEMO","N"
"320469145","TUCSON HEV","NX4.V4 TUCSON PRM N LINE 1.6T HEV AWD","","ECOTRONIC GREY","DAHY","","55909.54","","204","DH17854","DEAL PEND","N"
"320470997","KONA HEV","SX2.V3 KONA HEV PRM SRF 1.6P DCT","","ATLAS WHITE","DAHY","","42185.13","","196","","IN-STOCK","N"
"320470330","SANTA FE","MX5.V2 S.FE 7S CAL BLK 2.5T AWD AUTO","","ECOTRONIC GREY","DAHY","","68240.51","","196","","IN-STOCK","Y"
"320470893","KONA HEV","SX2.V3 KONA HEV 1.6P DCT","","ABYSS BLACK","DAHY","","34694.35","","185","","DEMO","N"
"320468342","VENUE","QX.V5 VENUE ELITE BLACK SRF 1.6P AUTO","","ATLAS WHITE","DAHY","","28130.32","","183","","STOCK SWAP","N"
"320470315","SANTA FE HEV","MX5.V2 S.FE HEV 7S CAL BRN 1.6T AWD AUTO","","ABYSS BLACK","DAHY","","75787.37","","183","DH17837","DEAL PEND","N"
"320471006","KONA HEV","SX2.V3 KONA HEV PRM SRF 1.6P DCT","","ATLAS WHITE","DAHY","","42244.38","","181","","STOCK SWAP","N"
"320470929","KONA HEV","SX2.V3 KONA HEV PRM N LINE SRF 1.6P DCT","","CYBER GREY","DAHY","","45820.88","","181","DH17851","DEAL PEND","Y"
"320468407","I30 SEDAN","CN7.V4 I30 SEDAN 2.0P CVT","","ECOTRONIC GREY","DAHY","","27993.64","","181","","DEMO","N"
"320469452","ELEXIO","OE1.V1 ELEXIO ELITE 2WD 88KWH","","MEDIUM GREY","DAHY","","57593.97","","176","","DEMO","N"
"320471318","KONA","SX2.V3 KONA PRM SRF 2.0P CVT","","MIRAGE GREEN","DAHY","","39233.73","","175","","IN-STOCK","N"
"320470950","KONA HEV","SX2.V3 KONA HEV PRM N LINE SRF 1.6P DCT","","ATLAS WHITE","DAHY","","44903.05","","175","","STOCK SWAP","N"
"320470866","KONA HEV","SX2.V3 KONA HEV ELITE 1.6P DCT","","ECOTRONIC GREY","DAHY","","37409.01","","175","","DEMO","N"
"320469036","SANTA FE HEV","MX5.V2 S.FE HEV 7S CAL BLK 1.6T AWD AUTO","","ABYSS BLACK","DAHY","","71345.93","","170","","IN-STOCK","Y"
"320470037","TUCSON HEV","NX4.V4 TUCSON 1.6T HEV 2WD","","WHITE CREAM","DAHY","","39517.08","","169","","DEMO","N"
"520115196","ELEXIO","OE1.V1 ELEXIO ELITE 2WD 88KWH","","MEDIUM GREY","DAHY","","57036.37","","167","","IN-STOCK","N"
"520115193","ELEXIO","OE1.V1 ELEXIO ELITE 2WD 88KWH","","MEDIUM GREY","DAHY","","57593.97","","167","","DEMO","N"
"320470151","I30 SEDAN HEV","CN7.V4 I30 SEDAN ELITE HEV 1.6P DCT","","META BLUE","DAHY","","35735.91","","164","DH17448","DEAL PEND","Y"
"520115192","ELEXIO","OE1.V1 ELEXIO ELITE 2WD 88KWH","","MEDIUM GREY","DAHY","","57036.37","","163","","IN-STOCK","N"
"520115194","ELEXIO","OE1.V1 ELEXIO ELITE 2WD 88KWH","","MEDIUM GREY","DAHY","","57036.37","","163","","IN-STOCK","N"
"520115195","ELEXIO","OE1.V1 ELEXIO ELITE 2WD 88KWH","","MEDIUM GREY","DAHY","","57036.37","","163","","IN-STOCK","N"
"520115197","ELEXIO","OE1.V1 ELEXIO ELITE 2WD 88KWH","","MEDIUM GREY","DAHY","","57572.72","","163","","DEMO","N"
"320471366","STARIA","US4.V4 STARIA LOAD 2S 2.2D LIFTBACK AUTO","","CREAMY WHITE","DAHY","","45445.45","","162","DH17842","DEAL PEND","N"
"320471428","STARIA","US4.V4 STARIA LOAD 2S 2.2D TSWING AUTO","","CREAMY WHITE","DAHY","","45854.20","","162","","DEMO","N"
"320472570","TUCSON HEV","NX4.V4 TUCSON PRM N LINE 1.6T HEV AWD","","WHITE CREAM","DAHY","","54409.09","","153","","IN-STOCK","N"
"320472572","TUCSON HEV","NX4.V4 TUCSON PRM N LINE 1.6T HEV AWD","","WHITE CREAM","DAHY","","54409.09","","153","","IN-STOCK","N"
"320472393","KONA HEV","SX2.V3 KONA HEV PRM SRF 1.6P DCT","","ABYSS BLACK","DAHY","","42716.69","","149","","IN-STOCK","N"
"320472965","VENUE","QX.V5 VENUE ELITE BLACK TTR 1.6P AUTO","","ABYSS BLACK + CHALK WHITE TTR","DAHY","","28721.13","","149","","STOCK SWAP","N"
"320469580","ELEXIO","OE1.V1 ELEXIO ELITE 2WD 88KWH","","CRYSTAL WHITE","DAHY","","57171.58","","148","","DEMO","N"
"320456065","INSTER","AX.V1 INSTER 2WD 49 KWH","","ATLAS WHITE","DAHY","","38780.10","","148","","DEMO","N"
"320470592","TUCSON","NX4.V4 TUCSON ELITE 2.0P AT 2WD","","DEEP SEA","DAHY","","41206.98","","146","","STOCK SWAP","N"
"320471578","STARIA","US4.V4 STARIA LOAD 2S 2.2D LIFTBACK AUTO","","CREAMY WHITE","DAHY","","45445.45","","143","","IN-STOCK","N"
"320471579","STARIA","US4.V4 STARIA LOAD 2S 2.2D LIFTBACK AUTO","","CREAMY WHITE","DAHY","","45445.45","","143","","IN-STOCK","N"
"320471580","STARIA","US4.V4 STARIA LOAD 2S 2.2D LIFTBACK AUTO","","CREAMY WHITE","DAHY","","45445.45","","143","","IN-STOCK","N"
"320471456","STARIA","US4.V4 STARIA LOAD 2S 2.2D TSWING AUTO","","CREAMY WHITE","DAHY","","68191.11","","143","DHF5821","DEAL PEND","Y"
"320472878","SANTA FE","MX5.V2 S.FE 7S CAL BLK 2.5T AWD AUTO","","ABYSS BLACK","DAHY","","68297.89","","139","","STOCK SWAP","N"
"320471842","KONA HEV","SX2.V3 KONA HEV PRM SRF 1.6P DCT","","ATLAS WHITE","DAHY","","42147.73","","136","","IN-STOCK","N"
"320469511","I30","PDE.V6 I30 N HATCH PREM S.ROOF 2.0P DCT","","ABYSS BLACK","DAHY","","53428.04","","129","","DEMO","N"
"320440260A","PALISADE","LX2.V5 PALISADE 8S CAL BLK 2.2D AT AWD","","ABYSS BLACK","DAHY","","74572.81","","128","DH17817","DEAL PEND","N"
"320469650","I30","PDE.V6 I30 N HATCH PREM S.ROOF 2.0P DCT","","ABYSS BLACK","DAHY","","53216.69","","121","","IN-STOCK","N"
"320469679","I30","PDE.V6 I30 N HATCH PREM S.ROOF 2.0P DCT","","SHADOW GREY","DAHY","","52649.60","","121","","IN-STOCK","Y"
"320474411","TUCSON HEV","NX4.V4 TUCSON PRM N LINE 1.6T HEV AWD","","PHANTOM BLACK","DAHY","","55467.78","","114","","IN-STOCK","Y"
"320451481","I20","BC3.V2 I20 N TTR 1.6P MAN","","PERFORMANCE BLUE + BLACK ROOF","DAHY","","35627.27","","112","","DEMO","N"
"320471725","I30","PDE.V6 I30 N HATCH PREM S.ROOF 2.0P DCT","","ABYSS BLACK","DAHY","","53216.69","","105","","IN-STOCK","N"
"320466631","VENUE","QX.V5 VENUE ACTIVE 1.6P AUTO","","ATLAS WHITE","DAHY","","26036.96","","105","DH17611","DEAL PEND","Y"
"320466632","VENUE","QX.V5 VENUE ACTIVE 1.6P AUTO","","ATLAS WHITE","DAHY","","26033.22","","105","DH17620","DEAL PEND","Y"
"320466662","VENUE","QX.V5 VENUE ACTIVE 1.6P AUTO","","ATLAS WHITE","DAHY","","26033.22","","105","DH17615","DEAL PEND","Y"
"320466667","VENUE","QX.V5 VENUE ACTIVE 1.6P AUTO","","ATLAS WHITE","DAHY","","26033.22","","105","DH17614","DEAL PEND","Y"
"320466669","VENUE","QX.V5 VENUE ACTIVE 1.6P AUTO","","ATLAS WHITE","DAHY","","26033.22","","105","DH17613","DEAL PEND","Y"
"320466670","VENUE","QX.V5 VENUE ACTIVE 1.6P AUTO","","ATLAS WHITE","DAHY","","26031.35","","105","DH17612","DEAL PEND","Y"
"320473404","VENUE","QX.V5 VENUE ELITE BLACK TTR 1.6P AUTO","","ABYSS BLACK + CHALK WHITE TTR","DAHY","","28806.18","","104","DH17855","DEAL PEND","Y"
"320474240","KONA","SX2.V3 KONA PRM SRF 2.0P CVT","","ULTIMATE RED","DAHY","","39771.49","","100","","STOCK SWAP","N"
"320473878","TUCSON","NX4.V4 TUCSON 2.0P AT 2WD","","AMAZON GREY","DAHY","","36789.80","","100","","DEMO","N"
"320471601","PALISADE","LX3.V1 PALISADE 8S CAL 2.5T HEV AT AWD","","CREAMY WHITE","DAHY","","80449.88","","99","","IN-STOCK","N"
"320474109","TUCSON HEV","NX4.V4 TUCSON ELITE 1.6T HEV 2WD","","AMAZON GRAY","DAHY","","44795.85","","98","DH17848","DEAL PEND","N"
"320475943","TUCSON HEV","NX4.V4 TUCSON 1.6T HEV 2WD","","ECOTRONIC GREY","DAHY","","40255.00","","97","","DEMO","N"
"220605093","I20","BC3.V2 I20 N TTR 1.6P MAN","","ATLAS WHITE + BLACK ROOF","DAHY","","35376.87","","92","","IN-STOCK","Y"
"320477820","KONA EV","SX2.V3 KONA EV PRM EXT RANGE","","ATLAS WHITE","DAHY","","54545.45","","92","","IN-STOCK","N"
"320477738","KONA EV","SX2.V3 KONA EV PRM EXT RANGE","","ECOTRONIC GREY","DAHY","","56240.53","","92","","DEMO","N"
"320477908","KONA EV","SX2.V3 KONA EV EXT RANGE","","ATLAS WHITE","DAHY","","46029.55","","91","","DEMO","N"
"320476379","INSTER","AX.V1 INSTER 2WD 49 KWH","","ATLAS WHITE","DAHY","","39011.36","","90","","IN-STOCK","Y"
"320477838","KONA EV","SX2.V3 KONA EV PRM EXT RANGE","","MIRAGE GREEN","DAHY","","54545.45","","90","","IN-STOCK","N"
"320478853","TUCSON HEV","NX4.V4 TUCSON 1.6T HEV 2WD","","PHANTOM BLACK","DAHY","","39636.37","","87","","IN-STOCK","N"
"320468112","ELEXIO","OE1.V1 ELEXIO ELITE 2WD 88KWH","","MEDIUM GREY","DAHY","","57036.37","","86","","IN-STOCK","N"
"320477755","KONA EV","SX2.V3 KONA EV PRM EXT RANGE","","ECOTRONIC GREY","DAHY","","55086.36","","85","","IN-STOCK","N"
"320478578","TUCSON","NX4.V4 TUCSON ELITE 2.0P AT 2WD","","ECOTRONIC GREY","DAHY","","40772.73","","85","","IN-STOCK","N"
"320475070","KONA HEV","SX2.V3 KONA HEV PRM SRF 1.6P DCT","","MIRAGE GREEN","DAHY","","41772.73","","84","","IN-STOCK","N"
"320473484","PALISADE","LX3.V1 PALISADE 8S CAL 2.5T HEV AT AWD","","GALAXY MAROON","DAHY","","80974.35","","84","","IN-STOCK","N"
"320478597","TUCSON","NX4.V4 TUCSON ELITE 2.0P AT 2WD","","WHITE CREAM","DAHY","","40506.46","","84","","IN-STOCK","N"
"320476809","TUCSON HEV","NX4.V4 TUCSON PRM 1.6T HEV AWD","","SHIMMERING SILVER","DAHY","","53727.27","","84","","IN-STOCK","N"
"320475069","KONA HEV","SX2.V3 KONA HEV PRM SRF 1.6P DCT","","MIRAGE GREEN","DAHY","","42339.01","","84","","DEMO","N"
"320475609","STARIA","US4.V4 STARIA LOAD HEV 2S 1.6T LBACK AT","","CREAMY WHITE","DAHY","","48627.27","","81","","IN-STOCK","N"
"320475717","STARIA","US4.V4 STARIA LOAD 2S 2.2D LIFTBACK AUTO","","CREAMY WHITE","DAHY","","45445.45","","81","","IN-STOCK","N"
"320477035","TUCSON HEV","NX4.V4 TUCSON PRM 1.6T HEV AWD","","AMAZON GRAY","DAHY","","54344.03","","81","","IN-STOCK","N"
"320477036","TUCSON HEV","NX4.V4 TUCSON PRM 1.6T HEV AWD","","AMAZON GRAY","DAHY","","53727.27","","81","","IN-STOCK","N"
"320476870","TUCSON HEV","NX4.V4 TUCSON PRM N LINE 1.6T HEV AWD","","WHITE CREAM","DAHY","","54409.09","","81","","IN-STOCK","N"
"320476871","TUCSON HEV","NX4.V4 TUCSON PRM N LINE 1.6T HEV AWD","","WHITE CREAM","DAHY","","56145.62","","81","","IN-STOCK","N"
"320476872","TUCSON HEV","NX4.V4 TUCSON PRM N LINE 1.6T HEV AWD","","WHITE CREAM","DAHY","","54409.09","","81","","IN-STOCK","N"
"320476827","TUCSON HEV","NX4.V4 TUCSON PRM N LINE 1.6T HEV AWD","","ECOTRONIC GREY","DAHY","","55493.96","","81","","STOCK SWAP","N"
"320476829","TUCSON HEV","NX4.V4 TUCSON PRM N LINE 1.6T HEV AWD","","ECOTRONIC GREY","DAHY","","55493.96","","81","","STOCK SWAP","N"
"320475608","STARIA","US4.V4 STARIA LOAD HEV 2S 1.6T LBACK AT","","CREAMY WHITE","DAHY","","49262.98","","81","DH17853","DEAL PEND","N"
"320469517","I30","PDE.V6 I30 N HATCH PREMIUM 2.0P DCT","","SHADOW GREY","DAHY","","50454.55","","80","","IN-STOCK","N"
"320476864","TUCSON HEV","NX4.V4 TUCSON PRM N LINE 1.6T HEV AWD","","WHITE CREAM","DAHY","","55027.72","","78","","DEMO","N"
"320476869","TUCSON HEV","NX4.V4 TUCSON PRM N LINE 1.6T HEV AWD","","WHITE CREAM","DAHY","","54409.09","","77","","IN-STOCK","N"
"320466525","VENUE","QX.V5 VENUE ACTIVE 1.6P AUTO","","ATLAS WHITE","DAHY","","25858.30","","72","DH17724","DEAL PEND","Y"
"320466626","VENUE","QX.V5 VENUE ACTIVE 1.6P AUTO","","ATLAS WHITE","DAHY","","26038.83","","71","DH17725","DEAL PEND","Y"
"320466628","VENUE","QX.V5 VENUE ACTIVE 1.6P AUTO","","ATLAS WHITE","DAHY","","26035.09","","71","DH17729","DEAL PEND","Y"
"320466633","VENUE","QX.V5 VENUE ACTIVE 1.6P AUTO","","ATLAS WHITE","DAHY","","26036.96","","71","DH17726","DEAL PEND","Y"
"320466634","VENUE","QX.V5 VENUE ACTIVE 1.6P AUTO","","ATLAS WHITE","DAHY","","26035.09","","71","DH17727","DEAL PEND","Y"
"320466636","VENUE","QX.V5 VENUE ACTIVE 1.6P AUTO","","ATLAS WHITE","DAHY","","26036.96","","71","DH17728","DEAL PEND","Y"
"320479017","KONA","SX2.V3 KONA PRM N LINE SRF 2.0P CVT","","SOULTRONIC ORANGE","DAHY","","42738.16","","68","","DEMO","N"
"320479047","KONA EV","SX2.V3 KONA EV STD RANGE","","ULTIMATE RED","DAHY","","42746.59","","66","","IN-STOCK","N"
"320476681","IONIQ","NE.V7 IONIQ 5 N LINE PRM AWD 84KWH","","ECOTRONIC GREY","DAHY","","77147.73","","66","","STOCK SWAP","N"
"320473387","VENUE","QX.V5 VENUE ACTIVE 1.6P AUTO","","ATLAS WHITE","DAHY","","26031.35","","66","DH17723","DEAL PEND","Y"
"320473390","VENUE","QX.V5 VENUE ACTIVE 1.6P AUTO","","ATLAS WHITE","DAHY","","26031.35","","66","DH17722","DEAL PEND","Y"
"320478528","TUCSON HEV","NX4.V4 TUCSON PRM N LINE 1.6T HEV AWD","","PHANTOM BLACK","DAHY","","55090.91","","64","","IN-STOCK","N"
"320476937","TUCSON HEV","NX4.V4 TUCSON ELITE 1.6T HEV 2WD","","AMAZON GRAY","DAHY","","45193.37","","64","DH17856","DEAL PEND","Y"
"320478268","I30 SEDAN","CN7.V4 I30 SEDAN N PREM S.ROOF 2.0P DCT","","ABYSS BLACK","DAHY","","51147.14","","64","","DEMO","N"
"320478617","TUCSON","NX4.V4 TUCSON 2.0P AT 2WD","","AMAZON GREY","DAHY","","36227.27","","63","","IN-STOCK","N"
"320478729","TUCSON HEV","NX4.V4 TUCSON 1.6T HEV 2WD","","AMAZON GRAY","DAHY","","39636.37","","63","","IN-STOCK","N"
"320479326","KONA HEV","SX2.V3 KONA HEV PRM N LINE SRF 1.6P DCT","","SOULTRONIC ORANGE","DAHY","","45443.96","","63","","STOCK SWAP","N"
"320478727","TUCSON HEV","NX4.V4 TUCSON 1.6T HEV 2WD","","AMAZON GRAY","DAHY","","39636.37","","63","DH17849","DEAL PEND","N"
"320478588","TUCSON","NX4.V4 TUCSON ELITE 2.0P AT 2WD","","PHANTOM BLACK","DAHY","","40772.73","","62","","IN-STOCK","N"
"320475984","TUCSON HEV","NX4.V4 TUCSON ELITE 1.6T HEV 2WD","","ECOTRONIC GREY","DAHY","","44636.37","","62","","IN-STOCK","N"
"320478459","TUCSON HEV","NX4.V4 TUCSON ELITE 1.6T HEV AWD","","AMAZON GRAY","DAHY","","46909.09","","62","","IN-STOCK","N"
"320478517","TUCSON HEV","NX4.V4 TUCSON PRM 1.6T HEV AWD","","PHANTOM BLACK","DAHY","","53995.45","","62","","IN-STOCK","N"
"320478530","TUCSON HEV","NX4.V4 TUCSON PRM N LINE 1.6T HEV AWD","","PHANTOM BLACK","DAHY","","55090.91","","62","","IN-STOCK","N"
"320478532","TUCSON HEV","NX4.V4 TUCSON PRM N LINE 1.6T HEV AWD","","PHANTOM BLACK","DAHY","","55090.91","","62","","IN-STOCK","N"
"320477634","PALISADE","LX3.V2 PALISADE 8S CAL BLK 2.5T HEV AT","","ABYSS BLACK","DAHY","","82731.31","","62","DH17847","DEAL PEND","Y"
"320476939","TUCSON HEV","NX4.V4 TUCSON ELITE 1.6T HEV 2WD","","AMAZON GRAY","DAHY","","44636.37","","62","DH17852","DEAL PEND","N"
"320476992","TUCSON HEV","NX4.V4 TUCSON ELITE 1.6T HEV AWD","","ECOTRONIC GREY","DAHY","","47471.62","","62","","DEMO","N"
"320478534","TUCSON HEV","NX4.V4 TUCSON PRM N LINE 1.6T HEV AWD","","PHANTOM BLACK","DAHY","","55090.91","","59","","IN-STOCK","N"
"320475527","ELEXIO","OE1.V1 ELEXIO 2WD 88KWH","","CRYSTAL WHITE","DAHY","","53627.27","","58","","IN-STOCK","N"
"320475406","ELEXIO","OE1.V1 ELEXIO ELITE 2WD 88KWH","","DRAGON RED","DAHY","","57692.05","","58","","IN-STOCK","N"
"320478295","I30 SEDAN","CN7.V4 I30 SEDAN N LINE 1.6P DCT","","ATLAS WHITE","DAHY","","33636.36","","55","","DEMO","N"
"320474786","KONA HEV","SX2.V3 KONA HEV 1.6P DCT","","MIRAGE GREEN","DAHY","","33590.91","","51","","STOCK SWAP","N"
"320469652","I30","PDE.V6 I30 N HATCH PREM S.ROOF 2.0P DCT","","ECOTRONIC GREY","DAHY","","52813.64","","44","","IN-STOCK","N"
"320465593","VENUE","QX.V5 VENUE ACTIVE 1.6P AUTO","","ATLAS WHITE","DAHY","","26035.09","","44","DH17730","DEAL PEND","Y"
"320475622","STARIA","US4.V4 STARIA LOAD HEV 2S 1.6T LBACK AT","","CREAMY WHITE","DAHY","","48627.27","","43","","IN-STOCK","N"
"320480852","TUCSON HEV","NX4.V4 TUCSON ELITE N LINE 1.6T HEV AWD","","WHITE CREAM","DAHY","","48903.05","","34","","IN-STOCK","N"
"320480869","TUCSON HEV","NX4.V4 TUCSON ELITE N LINE 1.6T HEV 2WD","","WHITE CREAM","DAHY","","46630.32","","34","","STOCK SWAP","N"
"320478195","I30 SEDAN HEV","CN7.V4 I30 SEDAN HEV 1.6P DCT","","ECOTRONIC GREY","DAHY","","30768.18","","31","","IN-STOCK","N"
"320480612","KONA HEV","SX2.V3 KONA HEV 1.6P DCT","","ATLAS WHITE","DAHY","","33993.96","","31","","STOCK SWAP","N"
"320479349","KONA HEV","SX2.V3 KONA HEV ELITE 1.6P DCT","","ECOTRONIC GREY","DAHY","","36859.09","","31","","STOCK SWAP","N"
"320480585","KONA HEV","SX2.V3 KONA HEV 1.6P DCT","","ECOTRONIC GREY","DAHY","","34742.92","","31","DH17823","DEAL PEND","N"
"320480587","KONA HEV","SX2.V3 KONA HEV 1.6P DCT","","ECOTRONIC GREY","DAHY","","35121.92","","31","DH17840","DEAL PEND","N"
"320480924","TUCSON HEV","NX4.V4 TUCSON PRM 1.6T HEV AWD","","WHITE CREAM","DAHY","","54110.47","","30","DH17798","DEAL PEND","N"
"320480455","STARIA","US4.V4 STARIA HEV 7S LOUNGE 1.6T AUTO","","ABYSS BLACK","DAHY","","67718.18","","29","","IN-STOCK","N"
"320479874","TUCSON HEV","NX4.V4 TUCSON 1.6T HEV 2WD","","WHITE CREAM","DAHY","","38954.55","","29","","IN-STOCK","N"
"320481144","TUCSON HEV","NX4.V4 TUCSON ELITE N LINE 1.6T HEV 2WD","","ECOTRONIC GREY","DAHY","","46909.09","","29","","IN-STOCK","N"
"320479996","STARIA","US4.V4 STARIA LOAD 2S 2.2D TSWING AUTO","","CREAMY WHITE","DAHY","","48623.95","","29","DH17803","DEAL PEND","N"
"320478799","TUCSON HEV","NX4.V4 TUCSON 1.6T HEV 2WD","","WHITE CREAM","DAHY","","38954.55","","24","","IN-STOCK","N"
"320472745","SANTA FE HEV","MX5.V2 S.FE HEV 7S CAL BLK 1.6T AWD AUTO","","ECOTRONIC GREY","DAHY","","74757.18","","24","DH17812","DEAL PEND","N"
"320478798","TUCSON HEV","NX4.V4 TUCSON 1.6T HEV 2WD","","WHITE CREAM","DAHY","","38954.55","","23","","IN-STOCK","N"
"320479873","TUCSON HEV","NX4.V4 TUCSON 1.6T HEV 2WD","","WHITE CREAM","DAHY","","38954.55","","23","","IN-STOCK","N"
"320474691","KONA HEV","SX2.V3 KONA HEV PRM N LINE SRF 1.6P DCT","","ATLAS WHITE","DAHY","","44876.87","","22","","IN-STOCK","Y"
"320479076","KONA HEV","SX2.V3 KONA HEV PRM SRF 1.6P DCT","","ECOTRONIC GREY","DAHY","","42313.64","","22","","IN-STOCK","N"
"320479080","KONA HEV","SX2.V3 KONA HEV PRM SRF 1.6P DCT","","MIRAGE GREEN","DAHY","","41772.73","","22","","IN-STOCK","N"
"320478243","I30 SEDAN HEV","CN7.V4 I30 SEDAN HEV 1.6P DCT","","ATLAS WHITE","DAHY","","30673.27","","21","DH17821","DEAL PEND","Y"
"320466611","VENUE","QX.V5 VENUE ACTIVE 1.6P AUTO","","ATLAS WHITE","DAHY","","25918.95","","20","DH17833","DEAL PEND","Y"
"320466616","VENUE","QX.V5 VENUE ACTIVE 1.6P AUTO","","ATLAS WHITE","DAHY","","25874.60","","20","DH17832","DEAL PEND","Y"
"320466638","VENUE","QX.V5 VENUE ACTIVE 1.6P AUTO","","ATLAS WHITE","DAHY","","25891.96","","20","DH17834","DEAL PEND","Y"
"320477560","I30 SEDAN HEV","CN7.V4 I30 SEDAN HEV 1.6P DCT","","ECOTRONIC GREY","DAHY","","31387.50","","19","","IN-STOCK","N"
"320477561","I30 SEDAN HEV","CN7.V4 I30 SEDAN HEV 1.6P DCT","","ECOTRONIC GREY","DAHY","","30768.18","","17","","IN-STOCK","N"
"320461769","VENUE","QX.V5 VENUE ACTIVE 1.6P AUTO","","ATLAS WHITE","DAHY","","25918.95","","17","DH17835","DEAL PEND","Y"
"520114530","VENUE","QX.V5 VENUE ACTIVE 1.6P AUTO","","ATLAS WHITE","DAHY","","25862.04","","17","DH17831","DEAL PEND","Y"
"520114533","VENUE","QX.V5 VENUE ACTIVE 1.6P AUTO","","ATLAS WHITE","DAHY","","25693.43","","17","DH17830","DEAL PEND","Y"
"320477562","I30 SEDAN HEV","CN7.V4 I30 SEDAN HEV 1.6P DCT","","ECOTRONIC GREY","DAHY","","30768.18","","16","","IN-STOCK","N"
"320478140","SANTA FE HEV","MX5.V2 S.FE HEV 7S CAL BLK 1.6T AWD AUTO","","TYPHOON SILVER","DAHY","","75346.18","","16","DHF5835","DEAL PEND","Y"
"320461759","VENUE","QX.V5 VENUE ACTIVE 1.6P AUTO","","DENIM BLUE","DAHY","","26305.38","","16","DH17824","DEAL PEND","N"
"320475351","I30","PDE.V6 I30 N HATCH PREM S.ROOF 2.0P DCT","","ECOTRONIC GREY","DAHY","","53226.04","","14","","IN-STOCK","N"
"320475352","I30","PDE.V6 I30 N HATCH PREM S.ROOF 2.0P DCT","","ECOTRONIC GREY","DAHY","","52813.64","","10","","IN-STOCK","N"
"320461541","PALISADE","LX3.V1 PALISADE 7S CAL 2.5T HEV AT AWD","","ABYSS BLACK","DAHY","","82798.50","","10","DH17827","DEAL PEND","N"
"420417171","I20","BC3.V2 I20 N TTR 1.6P MAN","","PERFORMANCE BLUE + BLACK ROOF","DAHY","","35000.00","","9","","IN-STOCK","N"
"420417172","I20","BC3.V2 I20 N TTR 1.6P MAN","","PERFORMANCE BLUE + BLACK ROOF","DAHY","","35376.87","","9","","IN-STOCK","Y"
"320477425","KONA","SX2.V3 KONA 2.0P CVT","","ATLAS WHITE","DAHY","","30636.36","","9","","IN-STOCK","N"
"320477426","KONA","SX2.V3 KONA 2.0P CVT","","ATLAS WHITE","DAHY","","30636.36","","9","","IN-STOCK","N"
"320478861","KONA HEV","SX2.V3 KONA HEV PRM N LINE SRF 1.6P DCT","","SOULTRONIC ORANGE","DAHY","","45453.31","","9","","IN-STOCK","N"
"320478862","KONA HEV","SX2.V3 KONA HEV PRM N LINE SRF 1.6P DCT","","SOULTRONIC ORANGE","DAHY","","45040.91","","9","","IN-STOCK","N"
"320479509","KONA HEV","SX2.V3 KONA HEV PRM N LINE SRF 1.6P DCT","","CYBER GREY","DAHY","","45417.78","","9","","IN-STOCK","Y"
"320481481","SANTA FE HEV","MX5.V2 SANTA FE HEV 7S 1.6T 2WD AUTO","","ABYSS BLACK","DAHY","","53566.89","","9","DHF5811","DEAL PEND","N"
"320479554","ELEXIO","OE1.V1 ELEXIO ELITE 2WD 88KWH","","DRAGON RED","DAHY","","57036.37","","8","","IN-STOCK","N"
"320481291","I30 SEDAN","CN7.V4 I30 SEDAN N PREM S.ROOF 2.0P DCT","","ECOTRONIC GREY","DAHY","","50917.78","","8","","IN-STOCK","Y"
"320479376","KONA HEV","SX2.V3 KONA HEV PRM SRF 1.6P DCT","","ABYSS BLACK","DAHY","","42313.64","","8","","IN-STOCK","N"
"320475623","STARIA","US4.V4 STARIA LOAD HEV 2S 1.6T LBACK AT","","CREAMY WHITE","DAHY","","48627.27","","8","","IN-STOCK","N"
"320478387","STARIA","US4.V4 STARIA LOAD HEV PRM 1.6T LBACK AT","","CREAMY WHITE","DAHY","","55672.73","","8","","IN-STOCK","N"
"320481146","TUCSON HEV","NX4.V4 TUCSON ELITE N LINE 1.6T HEV 2WD","","PHANTOM BLACK","DAHY","","46909.09","","8","","IN-STOCK","N"
"620265418","VENUE","QX.V5 VENUE 1.6P AUTO","","ATLAS WHITE","DAHY","","23409.09","","8","","IN-STOCK","N"
"320479081","KONA HEV","SX2.V3 KONA HEV PRM SRF 1.6P DCT","","MIRAGE GREEN","DAHY","","42175.78","","8","","STOCK SWAP","N"
"320476457","STARIA","US4.V4 STARIA LOAD HEV 2S 1.6T TSWING AT","","CREAMY WHITE","DAHY","","48627.27","","8","DH17843","DEAL PEND","Y"
"620265407","VENUE","QX.V5 VENUE 1.6P AUTO","","ATLAS WHITE","DAHY","","23409.09","","7","","IN-STOCK","N"
"620265411","VENUE","QX.V5 VENUE 1.6P AUTO","","ATLAS WHITE","DAHY","","23409.09","","7","","IN-STOCK","N"
"620265414","VENUE","QX.V5 VENUE 1.6P AUTO","","ATLAS WHITE","DAHY","","23409.09","","7","","IN-STOCK","N"
"320472315","KONA HEV","SX2.V3 KONA HEV 1.6P DCT","","ABYSS BLACK","DAHY","","34131.82","","3","","IN-STOCK","Y"
"320476387","PALISADE","LX3.V2 PALISADE 7S CAL 2.5T HEV AT AWD","","CLASSY BLUE","DAHY","","81261.68","","1","","IN-STOCK","N"
"320476385","PALISADE","LX3.V2 PALISADE 8S CAL 2.5T HEV AT AWD","","CLASSY BLUE","DAHY","","80562.38","","1","","IN-STOCK","N"
"320480394","PALISADE","LX3.V2 PALISADE 8S ELITE 2.5T HEV AT AWD","","CLASSY BLUE","DAHY","","70227.27","","1","","IN-STOCK","N"
"320477541","I30 SEDAN HEV","CN7.V4 I30 SEDAN HEV 1.6P DCT","","META BLUE","DAHY","","30768.18","","0","","IN-STOCK","N"
"320477542","I30 SEDAN HEV","CN7.V4 I30 SEDAN HEV 1.6P DCT","","META BLUE","DAHY","","30768.18","","0","","IN-STOCK","N"
"320477543","I30 SEDAN HEV","CN7.V4 I30 SEDAN HEV 1.6P DCT","","META BLUE","DAHY","","30768.18","","0","","IN-STOCK","N"
"320478196","I30 SEDAN HEV","CN7.V4 I30 SEDAN HEV 1.6P DCT","","ECOTRONIC GREY","DAHY","","30768.18","","0","","IN-STOCK","N"
"320478197","I30 SEDAN HEV","CN7.V4 I30 SEDAN HEV 1.6P DCT","","ECOTRONIC GREY","DAHY","","30768.18","","0","","IN-STOCK","N"
"320478198","I30 SEDAN HEV","CN7.V4 I30 SEDAN HEV 1.6P DCT","","ECOTRONIC GREY","DAHY","","30768.18","","0","","IN-STOCK","N"
"320478199","I30 SEDAN HEV","CN7.V4 I30 SEDAN HEV 1.6P DCT","","ECOTRONIC GREY","DAHY","","30768.18","","0","","IN-STOCK","N"
"320478200","I30 SEDAN HEV","CN7.V4 I30 SEDAN HEV 1.6P DCT","","ECOTRONIC GREY","DAHY","","30768.18","","0","","IN-STOCK","N"
"320478201","I30 SEDAN HEV","CN7.V4 I30 SEDAN HEV 1.6P DCT","","ECOTRONIC GREY","DAHY","","30768.18","","0","","IN-STOCK","N"
"320481280","I30 SEDAN","CN7.V4 I30 SEDAN N LINE PRM 1.6P DCT","","AMAZON GREY","DAHY","","39177.27","","0","","IN-STOCK","N"
"320480581","KONA HEV","SX2.V3 KONA HEV 1.6P DCT","","ECOTRONIC GREY","DAHY","","34131.82","","0","","IN-STOCK","Y"
"320480613","KONA HEV","SX2.V3 KONA HEV 1.6P DCT","","ATLAS WHITE","DAHY","","33590.91","","0","","IN-STOCK","N"
"320479812","PALISADE","LX3.V2 PALISADE 8S CAL BLK 2.5T HEV AT","","ABYSS BLACK","DAHY","","82092.81","","0","","IN-STOCK","N"
"320479913","SANTA FE HEV","MX5.V2 S.FE HEV 6S CAL BLK 1.6T AWD AUTO","","EARTHY BRASS MATTE","DAHY","","71500.00","","0","","IN-STOCK","N"
"320474520","SANTA FE HEV","MX5.V2 S.FE HEV 7S ELITE 1.6T AWD AUTO","","PEBBLE BLUE","DAHY","","61727.27","","0","","IN-STOCK","N"
"320417900*O","I30 SEDAN","CN7.V2 I30 SEDAN HEV 1.6P DCT","","ECOTRONIC GREY","DAHY","","30000.00","","","","ON-ORDER","N"
