stock no,age,year,carline,description,reg no,odometer,colour,list price,loc,dest loc,status,open ro/po
"S5000080","3744","14","ILOAD","TQ2-V MY14 VAN 5DR AUTO 5SP 1098KG 2.5DT","1RZ9CA","120000","GREY/CLOTH","1.00","DANDUSED","","LOANER","N"
"S5006661","1980","16","","H-1 ILOAD 5DR VL3 LWB VAN 2.4LT DOHC MTM 11/07-","1JX6UV","10","GREY/CLOTH","0.00","DANDUSED","","LOANER","N"
"S5009135","1616","20","TUCSON","TL3 MY21 ELITE WAGON 5DR SA 8SP AWD 2.0DT","1SP9FF","73857","SILVER/LEATHER","38990.00","DANDUSED","","LOANER","N"
"S5012810","1120","17","ILOAD","TQ3-V SERIES II MY18 VAN A 5SP 2.5DT","1KI6KH","100","CREAMY WHITE YAC/CLOTH","0.00","DANDUSED","","LOANER","N"
"S5013653","1030","21","STARIA LOAD","US4.V1 MY22 VAN 5DR SA 8SP 1018KG 2.2DT","1XO9WK","31311","WHITE/CLOTH","0.00","DANDUSED","","LOANER","N"
"S5013980","994","16","ILOAD","TQ3 ILOAD 3S LIFTBACK 2.5D AUTO","1HT5QD","30000","CREAMY WHITE YAC","0.00","DHYU","","USED DEMO","Y"
"S5014760","920","23","SANTA FE","TM.V4 MY23 HYBRID HIGHLANDER WAG SA 6SP 1.6T/","CEV861","22393","WHITE/LEATHER","65038.48","DHYU","","LOANER","N"
"S5019495","532","24","TUCSON","NX4.V2 MY24 WAGON 5DR AUTO 6SP 2WD 2.0I","2CO5SC","18427","WHITE CREAM/CLOTH","35311.00","DANDUSED","","LOANER","N"
"S5019688","514","24","TUCSON","NX4.V3 MY25 ELITE N LINE WAG A 6SP 1.6T/37KW","2BX2NV","250","RED/BLACK","0.00","DHYU","","LOANER","N"
"S5021808","352","22","I30","PD.V4 MY22 N LINE PREMIUM HBK D-CT 7SP 1.6T","1VS2DM","67990","BLUE/LEATHER","33990.00","DANDUSED","","LOANER","N"
"S5021898","343","25","SANTA FE","MX5.V1 MY25 HYBRID CALLIGRAPH WAG A 6SP 1.6T/","DUK461","1225","GREY/LEATHER","80990.00","DANDUSED","","LOANER","N"
"S5022489","290","25","SANTA FE","MX5.V1 MY25 HYBRID CALLIGRAPH WAG A 6SP 1.6T/","DQZ408","2500","BRONZE/LEATHER","0.00","DANDUSED","","LOANER","N"
"S5023577","189","24","STARIA","US4.V2 MY24 WAGON 8ST 5DR SA 8SP AWD 2.2DT","1ZY2LG","45275","GREY","44990.00","DANDUSED","","LOANER","N"
"S5024342","122","23","TUCSON","NX4.V2 MY24 HIGHLANDER WAG 5DR SA 8SP 2.0DT","1YQ9IE","91441","GREY/LEATHER","37990.00","DANDUSED","","IN-STOCK","N"
"S5024380","118","21","SANTA FE","TM.V3 MY22 HIGHLANDER WAG DUAL 8SP 2.2DT","BSA706","88890","WHITE/BLACK","37990.00","CRKU","","IN-STOCK","N"
"S5024401","117","21","KONA","OS.V4 MY22 WAGON 5DR CVT 8SP 2WD 452KG 2.0I","1VC4WV","29815","WHITE/BLACK","27967.35","CRKU","","DEAL PEND","N"
"S5024644","94","16","TUCSON","TL MY17 ACTIVE WAG 5DR SA 6SP 506KG 2.0I","1HR8YC","88713","WHITE/LEATHER","20990.00","DANDUSED","","IN-STOCK","N"
"S5024732","90","15","SANTA FE","DM2 MY15 HIGHLANDER WAG SA 6SP 2.2DT","1FR9CB","271000","BLACK","0.00","CRKU","","WHOLESALE","N"
"S5024760","87","24","VENUE","QX.V5 MY25 ACTIVE WAGON 5DR AUTO 6SP 1.6I","2AL3VG","18920","ATLAS WHITE/CLOTH","21990.00","DANDUSED","","IN-STOCK","N"
"S5024763","87","24","VENUE","QX.V5 MY25 ACTIVE WAGON 5DR AUTO 6SP 1.6I","2AQ2HV","22602","ATLAS WHITE/PARTIAL LEATHER","20990.00","DANDUSED","","IN-STOCK","N"
"S5024776","86","24","VENUE","QX.V5 MY24 ACTIVE WAGON 5DR AUTO 6SP 1.6I","2AL3VO","27160","WHITE/BLACK","21990.00","DAKI","","IN-STOCK","N"
"S5024768","86","21","TUCSON","NX4.V1 MY22 HIGHLANDER WAG 5DR D-CT 7SP 1.6T","BMO678","56264","GREY/LEATHER","33990.00","DANDUSED","","DEAL PEND","N"
"S5024788","86","24","VENUE","QX.V5 MY25 ACTIVE WAGON 5DR AUTO 6SP 1.6I","EEV807","17876","ATLAS WHITE/CLOTH","21990.00","DANDUSED","","DEAL PEND","Y"
"S5024832","84","24","VENUE","QX.V5 MY24 ACTIVE WAGON 5DR AUTO 6SP 1.6I","2AL3YQ","12464","ATLAS WHITE/CLOTH","23990.00","DANDUSED","","IN-STOCK","N"
"S5024835","84","24","VENUE","QX.V5 MY24 ACTIVE WAGON 5DR AUTO 6SP 1.6I","2AL3UO","21409","ATLAS WHITE/CLOTH","20990.00","DANDUSED","","IN-STOCK","N"
"S5024834","84","24","VENUE","QX.V5 MY24 ACTIVE WAGON 5DR AUTO 6SP 1.6I","2AL3VE","23727","ATLAS WHITE/CLOTH","20990.00","DANDUSED","","DEAL PEND","N"
"S5024840","83","24","VENUE","QX.V5 MY24 ACTIVE WAGON 5DR AUTO 6SP 1.6I","2AL3YG","32131","WHITE","20990.00","DAKI","","IN-STOCK","N"
"S5024841","83","24","VENUE","QX.V5 MY24 ACTIVE WAGON 5DR AUTO 6SP 1.6I","2AE4GO","32688","WHITE","20990.00","DAKI","","IN-STOCK","N"
"S5024848","83","24","VENUE","QX.V5 MY24 ACTIVE WAGON 5DR AUTO 6SP 1.6I","2AL3YP","9107","WHITE/BLACK","24990.00","S52USED","","IN-STOCK","N"
"S5024849","83","24","VENUE","QX.V5 MY24 ACTIVE WAGON 5DR AUTO 6SP 1.6I","2AL3YS","25571","WHITE/BLACK","23990.00","S52USED","","IN-STOCK","N"
"S5024850","83","24","VENUE","QX.V5 MY24 ACTIVE WAGON 5DR AUTO 6SP 1.6I","2AL3YO","21167","WHITE/BLACK","23990.00","S52USED","","IN-STOCK","N"
"S5024899","78","24","VENUE","QX.V5 MY24 ACTIVE WAGON 5DR AUTO 6SP 1.6I","2AQ2FX","12398","ATLAS WHITE/CLOTH","23990.00","DANDUSED","","IN-STOCK","N"
"S5024898","78","24","VENUE","QX.V5 MY24 ACTIVE WAGON 5DR AUTO 6SP 1.6I","2AQ2FY","14217","ATLAS WHITE/CLOTH","23990.00","DANDUSED","","DEAL PEND","N"
"S5024907","77","20","VENUE","QX.V3 MY21 ELITE WAGON 5DR AUTO 6SP 1.6I","1TF5YX","102545","BLUE/CLOTH","20990.00","CRKU","","IN-STOCK","N"
"S5024921","75","21","TUCSON","NX4.V1 MY22 HIGHLANDER WAG 5DR D-CT 7SP 1.6T","2FK6JR","84368","BRONZE/LEATHER","32990.00","DANDUSED","","DEAL PEND","N"
"S5024957","72","24","VENUE","QX.V5 MY24 ACTIVE WAGON 5DR AUTO 6SP 1.6I","2AL3YT","11108","WHITE","23990.00","CRKU","","IN-STOCK","N"
"S5024960","71","24","VENUE","QX.V5 MY24 ACTIVE WAGON 5DR AUTO 6SP 1.6I","2AU4CE","18496","ATLAS WHITE/CLOTH","21990.00","DANDUSED","","IN-STOCK","N"
"S5024962","71","20","KONA","OS.3 MY20 ACTIVE WAG 5DR SA 6SP 447KG 2.0I","2FT9BG","29132","CHALK WHITE/CLOTH","24990.00","DANDUSED","","DEAL PEND","N"
"S5024971","70","24","VENUE","QX.V5 MY24 ACTIVE WAGON 5DR AUTO 6SP 1.6I","2AQ2GC","12871","ATLAS WHITE/CLOTH","23990.00","DANDUSED","","IN-STOCK","N"
"S5024972","70","24","VENUE","QX.V5 MY24 ACTIVE WAGON 5DR AUTO 6SP 1.6I","2AQ2GB","24854","ATLAS WHITE/CLOTH","20990.00","DANDUSED","","DEAL PEND","N"
"S5025004","66","24","VENUE","QX.V5 MY24 ACTIVE WAGON 5DR AUTO 6SP 1.6I","2A","21665","WHITE/BLACK","22990.00","CRKU","","DEAL PEND","N"
"S5025025","63","17","TUCSON","TL MY17 ACTIVE X WAG 5DR SA 6SP 506KG 2.0I","2FL3PC","152563","WHITE/BLACK","0.00","S52USED","","WHOLESALE","Y"
"S5025037","62","24","VENUE","QX.V5 MY24 ACTIVE WAGON 5DR AUTO 6SP 1.6I","2AL3VM","26462","WHITE/BLACK","21990.00","CRKU","","DEAL PEND","N"
"S5025073","58","24","VENUE","QX.V5 MY24 ACTIVE WAGON 5DR AUTO 6SP 1.6I","2AU4CG","26878","WHITE/CLOTH","22990.00","CRGE","","IN-STOCK","N"
"S5025076","57","24","VENUE","QX.V5 MY24 ACTIVE WAGON 5DR AUTO 6SP 1.6I","2AL3VN","27635","WHITE/CLOTH","23990.00","FRUSED","","IN-STOCK","N"
"S5025077","57","24","VENUE","QX.V5 MY24 ACTIVE WAGON 5DR AUTO 6SP 1.6I","2AL3VI","33520","WHITE/CLOTH","23990.00","FRUSED","","IN-STOCK","N"
"S5025083","57","24","VENUE","QX.V5 MY24 ACTIVE WAGON 5DR AUTO 6SP 1.6I","2AQ2LG","23179","ATLAS WHITE/CLOTH","20990.00","DANDUSED","","IN-STOCK","N"
"S5025105","55","18","TUCSON","TL3 MY19 HIGHLANDER WAG 5DR D-CT 7SP 1.6T","AUB096","131465","WHITE/BLACK","20990.00","CRKU","","DEAL PEND","N"
"S5025131","54","24","VENUE","QX.V5 MY24 ACTIVE WAGON 5DR AUTO 6SP 1.6I","2AL3VP","23660","WHITE/CLOTH","20990.00","CRKU","","IN-STOCK","N"
"S5025187","45","15","I20","PB MY15 ACTIVE HATCHBACK 3DR AUTO 4SP 1.4I","1EG2NP","136583","WHITE/CLOTH","11990.00","DANDUSED","","IN-STOCK","N"
"S5025196","43","24","VENUE","QX.V5 MY24 ACTIVE WAGON 5DR AUTO 6SP 1.6I","2AQ2KQ","21737","ATLAS WHITE/CLOTH","20990.00","DANDUSED","","IN-STOCK","N"
"S5025197","43","24","VENUE","QX.V5 MY24 ACTIVE WAGON 5DR AUTO 6SP 1.6I","2AQ2HF","20442","ATLAS WHITE/CLOTH","21990.00","DANDUSED","","IN-STOCK","N"
"S5025270","37","24","VENUE","QX.V5 MY25 ACTIVE WAGON 5DR AUTO 6SP 1.6I","2AQ2LF","20528","ATLAS WHITE/CLOTH","20990.00","DANDUSED","","IN-STOCK","N"
"S5025271","37","24","VENUE","QX.V5 MY25 ACTIVE WAGON 5DR AUTO 6SP 1.6I","2AU4CI","23528","ATLAS WHITE/CLOTH","20990.00","FRUSED","","IN-STOCK","N"
"S5025273","37","24","VENUE","QX.V5 MY25 ACTIVE WAGON 5DR AUTO 6SP 1.6I","2AQ2LE","19203","ATLAS WHITE/CLOTH","21990.00","DANDUSED","","IN-STOCK","N"
"S5025274","37","24","VENUE","QX.V5 MY25 ACTIVE WAGON 5DR AUTO 6SP 1.6I","2AU4CM","18743","ATLAS WHITE/CLOTH","21990.00","DANDUSED","","IN-STOCK","N"
"S5025277","37","24","VENUE","QX.V5 MY25 ACTIVE WAGON 5DR AUTO 6SP 1.6I","2AQ2LC","20283","ATLAS WHITE/CLOTH","20990.00","DANDUSED","","IN-STOCK","N"
"S5025276","37","24","VENUE","QX.V5 MY25 WAGON 5DR AUTO 6SP 1.6I","2AQ2LB","14692","ATLAS WHITE/CLOTH","21990.00","DANDUSED","","IN-STOCK","N"
"S5025293","36","26","PALISADE","LX3.V1 MY26 ELITE WAG SA 6SP 2.5T/54KW HYBRID","DZN742","5122","BLUE/LEATHER","73990.00","DANDUSED","","IN-STOCK","N"
"S5025306","35","24","VENUE","QX.V5 MY24 ACTIVE WAGON 5DR AUTO 6SP 1.6I","2AU4CL","29856","WHITE/BLACK","23990.00","S52USED","","IN-STOCK","N"
"S5025307","35","24","VENUE","QX.V5 MY24 ACTIVE WAGON 5DR AUTO 6SP 1.6I","2AU4CK","25160","WHITE/BLACK","22990.00","S52USED","","IN-STOCK","N"
"S5025308","35","24","VENUE","QX.V5 MY24 ACTIVE WAGON 5DR AUTO 6SP 1.6I","2AQ2LD","25500","WHITE/BLACK","23990.00","S52USED","","IN-STOCK","N"
"S5025317","35","24","VENUE","QX.V5 MY24 ACTIVE WAGON 5DR AUTO 6SP 1.6I","2AU4CS","19745","ATLAS WHITE/CLOTH","21990.00","DANDUSED","","IN-STOCK","N"
"S5025318","35","24","VENUE","QX.V5 MY24 ACTIVE WAGON 5DR AUTO 6SP 1.6I","2BE9FA","21594","ATLAS WHITE/CLOTH","20990.00","DANDUSED","","IN-STOCK","N"
"S5025320","35","24","VENUE","QX.V5 MY24 ACTIVE WAGON 5DR AUTO 6SP 1.6I","2AU4CN","16521","ATLAS WHITE/CLOTH","21990.00","DANDUSED","","IN-STOCK","N"
"S5025325","34","19","TUCSON","TL4 MY20 ACTIVE X WAGON 5DR AUTO 6SP 2WD 2.0I","1PY5PH","97701","WHITE","20990.00","DAKI","","DEAL PEND","N"
"S5025346","31","22","TUCSON","NX4.V1 MY22 ELITE WAGON 5DR SA 8SP AWD 2.0DT","1VE3QB","80631","GREY/BLACK","29990.00","DAKI","","IN-STOCK","N"
"S5025383","29","24","VENUE","QX.V5 MY24 ACTIVE WAGON 5DR AUTO 6SP 1.6I","2AQ2IC","13917","WHITE","21990.00","DAKI","","DEAL PEND","N"
"S5025384","29","24","VENUE","QX.V5 MY24 ACTIVE WAGON 5DR AUTO 6SP 1.6I","2AQ2IN","25766","WHITE","22590.01","DAKI","","DEAL PEND","Y"
"S5025385","29","24","VENUE","QX.V5 MY24 ACTIVE WAGON 5DR AUTO 6SP 1.6I","2AQ2ID","15798","WHITE","21990.00","DAKI","","DEAL PEND","Y"
"S5025392","28","24","VENUE","QX.V5 MY24 ACTIVE WAGON 5DR AUTO 6SP 1.6I","2AQ2LM","34244","WHITE/BLACK","20990.00","S52USED","","IN-STOCK","N"
"S5025394","28","24","VENUE","QX.V5 MY24 ACTIVE WAGON 5DR AUTO 6SP 1.6I","2AQ2LJ","21561","WHITE/BLACK","22990.00","S52USED","","IN-STOCK","N"
"S5025396","28","24","VENUE","QX.V5 MY24 ACTIVE WAGON 5DR AUTO 6SP 1.6I","2AQ2IL","24001","WHITE/BLACK","22990.00","S52USED","","IN-STOCK","N"
"S5025397","28","24","VENUE","QX.V5 MY24 ACTIVE WAGON 5DR AUTO 6SP 1.6I","2AQ2KW","15676","WHITE/CLOTH","21990.00","DANDUSED","","IN-STOCK","N"
"S5025399","28","24","VENUE","QX.V5 MY24 ACTIVE WAGON 5DR AUTO 6SP 1.6I","2AQ2KU","20129","ATLAS WHITE/CLOTH","21990.00","DANDUSED","","IN-STOCK","N"
"S5025401","28","24","VENUE","QX.V5 MY24 ACTIVE WAGON 5DR AUTO 6SP 1.6I","2AQ2IB","21643","ATLAS WHITE/CLOTH","21990.00","DANDUSED","","IN-STOCK","N"
"S5025404","28","24","VENUE","QX.V5 MY24 ACTIVE WAGON 5DR AUTO 6SP 1.6I","2AQ2HL","16796","ATLAS WHITE/CLOTH","21990.00","DANDUSED","","IN-STOCK","N"
"S5025406","28","24","VENUE","QX.V5 MY24 ACTIVE WAGON 5DR AUTO 6SP 1.6I","2AU4CB","15801","ATLAS WHITE/CLOTH","21990.00","DANDUSED","","IN-STOCK","N"
"S5025407","28","15","TUCSON","TLE ACTIVE WAGON 5DR SA 6SP 2WD 534KG 2.0I","1PN5JD","116102","BLUE/BLACK","14990.00","DANDUSED","","DEAL PEND","Y"
"S5025395","28","24","VENUE","QX.V5 MY24 ACTIVE WAGON 5DR AUTO 6SP 1.6I","2AQ2LN","17015","WHITE/BLACK","22991.10","S52USED","","DEAL PEND","N"
"S5025432","26","19","I30","PD2 MY20 ACTIVE HATCHBACK 5DR SA 6SP 2.0I","CDA974","94461","WHITE/BLACK","18490.00","FRUSED","","IN-STOCK","N"
"S5025429","26","13","I40","VF3 PREMIUM TOURER 5DR SA 6SP 1.7DT","1CB4OQ","266716","GREY","0.00","S52USED","","WHOLESALE","N"
"S5025442","24","24","VENUE","QX.V5 MY24 ACTIVE WAGON 5DR AUTO 6SP 1.6I","2AQ2KV","24657","WHITE/GREY","20990.00","CRKU","","IN-STOCK","N"
"S5025466","23","24","VENUE","QX.V5 MY25 ACTIVE WAGON 5DR AUTO 6SP 1.6I","2AQ2KZ","22867","ATLAS WHITE/CLOTH","20990.00","DANDUSED","","IN-STOCK","N"
"S5025480","22","17","I30","PD MY18 ACTIVE HATCHBACK 5DR SA 6SP 2.0I","2FQ2VR","128517","GREY","0.00","CRKU","","IN-STOCK","N"
"S5025479","22","20","SANTA FE","TM.2 MY20 ELITE WAGON 7ST 5DR SA 8SP 3.5I","BFU268","82017","GREY/LEATHER","27990.00","CRKU","","IN-STOCK","N"
"S5025484","22","24","VENUE","QX.V5 MY24 ACTIVE WAGON 5DR AUTO 6SP 1.6I","2AQ2IA","28293","WHITE/BLACK","21990.00","CRKU","","IN-STOCK","N"
"S5025485","22","24","VENUE","QX.V5 MY24 ACTIVE WAGON 5DR AUTO 6SP 1.6I","2AU4CC","26539","WHITE/CLOTH","22683.00","CRKU","","DEAL PEND","N"
"S5025504","20","24","VENUE","QX.V5 MY24 ACTIVE WAGON 5DR AUTO 6SP 1.6I","2AQ2HZ","20500","WHITE/CLOTH","19990.00","FRUSED","","IN-STOCK","N"
"S5025505","20","24","VENUE","QX.V5 MY24 ACTIVE WAGON 5DR AUTO 6SP 1.6I","2AQ2KX","36000","WHITE/CLOTH","19990.00","FRUSED","","IN-STOCK","N"
"S5025527","19","12","I30","GD ACTIVE HATCHBACK 5DR SA 6SP 1.8I","ZIS936","147833","BLACK/BLACK","0.00","CRKU","","WHOLESALE","N"
"S5025511","19","15","I30","GD4 SERIES II MY16 ACTIVE X HBK SA 6SP 1.8I","2FI2WS","188417","BLUE/CLOTH","0.00","DANDUSED","","WHOLESALE","N"
"S5025541","17","25","I20","BC3.V2 MY25 N HATCHBACK 5DR MAN 6SP 1.6T","DZN700","1269","GREY/LEATHER","38990.00","DANDUSED","","DEAL PEND","N"
"S5024493","16","16","ACCENT","RB4 MY17 ACTIVE HATCHBACK 5DR CVT 6SP 1.4I","1ID6IF","99632","BLACK/CLOTH","0.00","CRKU","","SOLD","N"
"S5025555","15","15","IX35","LM3 MY15 SE WAGON 5DR SA 6SP 453KG 2.0I","1ER5GJ","72721","WHITE/BLACK","16990.00","CRKU","","DEAL PEND","N"
"S5025558","15","13","I30","GD ACTIVE HATCHBACK 5DR SA 6SP 1.6DT","1AQ8ZJ","209969","SILVER OR CHROME","0.00","DHYU","","WHOLESALE","N"
"S5025589","14","24","VENUE","QX.V5 MY24 ACTIVE WAGON 5DR AUTO 6SP 1.6I","2AU4FG","9782","ATLAS WHITE/CLOTH","22990.00","DANDUSED","","IN-STOCK","N"
"S5025590","14","24","VENUE","QX.V5 MY24 ACTIVE WAGON 5DR AUTO 6SP 1.6I","2AU4CW","21425","ATLAS WHITE/CLOTH","20990.00","DANDUSED","","IN-STOCK","N"
"S5025592","14","24","VENUE","QX.V5 MY24 ACTIVE WAGON 5DR AUTO 6SP 1.6I","2AU4FJ","21834","ATLAS WHITE/CLOTH","20990.00","DANDUSED","","IN-STOCK","N"
"S5025586","14","24","VENUE","QX.V5 MY25 ACTIVE WAGON 5DR AUTO 6SP 1.6I","2AU4FK","14663","ATLAS WHITE/CLOTH","21990.00","DANDUSED","","IN-STOCK","N"
"S5025587","14","24","VENUE","QX.V5 MY25 ACTIVE WAGON 5DR AUTO 6SP 1.6I","2AU4FT","23637","ATLAS WHITE/CLOTH","20990.00","DANDUSED","","IN-STOCK","Y"
"S5025569","14","24","TUCSON","NX4.V2 MY24 HIGHLANDER N LINE WAG SA 8SP 2.0D","CVN596","80400","GREY","31990.00","S52USED","","DEAL PEND","Y"
"S5025588","14","24","VENUE","QX.V5 MY24 ACTIVE WAGON 5DR AUTO 6SP 1.6I","2AQ2IQ","18532","ATLAS WHITE/CLOTH","21990.00","DANDUSED","","DEAL PEND","N"
"S5025591","14","24","VENUE","QX.V5 MY24 ACTIVE WAGON 5DR AUTO 6SP 1.6I","2AU4CV","23049","ATLAS WHITE/CLOTH","20990.00","DANDUSED","","DEAL PEND","Y"
"S5025585","14","24","VENUE","QX.V5 MY25 ACTIVE WAGON 5DR AUTO 6SP 1.6I","2AZ2SR","20528","ATLAS WHITE/CLOTH","20990.00","DANDUSED","","DEAL PEND","N"
"S5025596","13","23","SANTA FE","TM.V4 MY23 HIGHLANDER WAG DUAL 8SP 2.2DT","2FT8ZL","45398","GREY/BLACK","42990.00","DANDUSED","","IN-STOCK","N"
"S5025606","13","24","VENUE","QX.V5 MY24 ACTIVE WAGON 5DR AUTO 6SP 1.6I","2AQ2HG","25825","WHITE/CLOTH","21990.00","CRKU","","LOANER","N"
"S5025605","13","11","I30","FD MY11 SX HATCHBACK 5DR AUTO 4SP 1.6I","ZTW973","178443","WHITE/BLACK","0.00","CRKU","","WHOLESALE","N"
"S5025627","10","16","VELOSTER","FS4 SERIES II COUPE 4DR D-CT 6SP 1.6I","1IK8TC","64149","WHITE/CLOTH","18490.00","FRUSED","","IN-STOCK","Y"
"S5025615","10","13","I30","GD ACTIVE HATCHBACK 5DR SA 6SP 1.8I","ZMR844","197960","WHITE/CLOTH","0.00","DANDUSED","","WHOLESALE","N"
"S5025640","9","24","VENUE","QX.V5 MY25 ACTIVE WAGON 5DR AUTO 6SP 1.6I","2AZ2TF","26778","ATLAS WHITE/CLOTH","20990.00","DANDUSED","","IN-STOCK","N"
"S5025641","9","24","VENUE","QX.V5 MY25 ACTIVE WAGON 5DR AUTO 6SP 1.6I","2AU4EZ","21783","ATLAS WHITE/CLOTH","20990.00","DANDUSED","","IN-STOCK","N"
"S5025642","9","24","VENUE","QX.V5 MY25 ACTIVE WAGON 5DR AUTO 6SP 1.6I","2AU4EV","19114","ATLAS WHITE/CLOTH","21990.00","DANDUSED","","IN-STOCK","N"
"S5025643","9","24","VENUE","QX.V5 MY25 ACTIVE WAGON 5DR AUTO 6SP 1.6I","2AZ2SH","23973","ATLAS WHITE/CLOTH","20990.00","DANDUSED","","IN-STOCK","N"
"S5025644","9","24","VENUE","QX.V5 MY25 ACTIVE WAGON 5DR AUTO 6SP 1.6I","2AU4EX","21111","ATLAS WHITE/CLOTH","20990.00","DANDUSED","","IN-STOCK","N"
"S5025645","9","24","VENUE","QX.V5 MY25 ACTIVE WAGON 5DR AUTO 6SP 1.6I","2AU4EY","22200","ATLAS WHITE/CLOTH","20990.00","DANDUSED","","IN-STOCK","N"
"S5025637","9","12","SANTA FE","DM MY13 ACTIVE WAG 7ST 5DR SA 6SP 632KG 2.2DT","1HI9HS","226076","WHITE","0.00","S52USED","","WHOLESALE","N"
"S5025652","8","07","TIBURON","GK MY07 V6 COUPE 2DR SA 4SP 2.7I","UUT992","241000","BLACK","0.00","CRKU","","WHOLESALE","N"
"S5025653","8","18","TUCSON","TL3 MY19 ACTIVE X WAGON 5DR AUTO 6SP 2WD 2.0I","1PX6RN","181631","WHITE","0.00","CRKU","","WHOLESALE","N"
"S5025667","7","24","VENUE","QX.V5 MY24 ACTIVE WAGON 5DR AUTO 6SP 1.6I","2AQ2IO","18080","WHITE/CLOTH","23990.00","CRKU","","IN-STOCK","N"
"S5025668","7","24","VENUE","QX.V5 MY24 ACTIVE WAGON 5DR AUTO 6SP 1.6I","2AU4FI","17700","WHITE/CLOTH","23990.00","CRKU","","IN-STOCK","N"
"S5025669","7","24","VENUE","QX.V5 MY24 ACTIVE WAGON 5DR AUTO 6SP 1.6I","2AQ2KS","14450","WHITE/CLOTH","23990.00","CRKU","","IN-STOCK","N"
"S5025673","7","24","VENUE","QX.V5 MY24 ACTIVE WAGON 5DR AUTO 6SP 1.6I","2AU4FM","20585","WHITE","20990.00","DAKI","","IN-STOCK","N"
"S5025674","7","24","VENUE","QX.V5 MY24 ACTIVE WAGON 5DR AUTO 6SP 1.6I","2AZ2SI","36855","WHITE","20990.00","DAKI","","IN-STOCK","N"
"S5025675","7","24","VENUE","QX.V5 MY24 ACTIVE WAGON 5DR AUTO 6SP 1.6I","2AU4CQ","28909","WHITE","20990.00","DAKI","","IN-STOCK","N"
"S5025664","7","24","VENUE","QX.V5 MY25 ACTIVE WAGON 5DR AUTO 6SP 1.6I","2AQ2IM","21491","ATLAS WHITE/CLOTH","20990.00","DANDUSED","","IN-STOCK","N"
"S5025670","7","24","VENUE","QX.V5 MY24 ACTIVE WAGON 5DR AUTO 6SP 1.6I","2AQ2KP","14480","WHITE/CLOTH","23990.00","CRKU","","LOANER","N"
"S5025680","6","24","VENUE","QX.V5 MY24 ACTIVE WAGON 5DR AUTO 6SP 1.6I","2AZ2SK","21150","WHITE/BLACK","22990.00","S52USED","","IN-STOCK","N"
"S5025681","6","24","VENUE","QX.V5 MY24 ACTIVE WAGON 5DR AUTO 6SP 1.6I","2AU4FL","22405","WHITE","22990.00","S52USED","","IN-STOCK","N"
"S5025682","6","24","VENUE","QX.V5 MY24 ACTIVE WAGON 5DR AUTO 6SP 1.6I","2AU4CP","20895","WHITE/BLACK","22990.00","S52USED","","IN-STOCK","N"
"S5025677","6","24","VENUE","QX.V5 MY25 ACTIVE WAGON 5DR AUTO 6SP 1.6I","2AU4FQ","17009","ATLAS WHITE/CLOTH","21990.00","DANDUSED","","IN-STOCK","N"
"S5025701","5","18","I30","PD2 MY18 ACTIVE HATCHBACK 5DR SA 6SP 2.0I","2FV7IR","71435","WHITE/BLACK","19990.00","DAKI","","DEAL PEND","Y"
"S5025706","3","09","I30","FD MY09 SX CW WAGON 5DR AUTO 4SP 1.6DT (OCT )","XZF345","153948","BLACK/CLOTH","0.00","DANDUSED","","SOLD","N"
"S5025708","3","19","ILOAD","TQ4 MY20 VAN 5DR AUTO 5SP 1098KG 2.5DT","2FS7LK","257000","WHITE/CLOTH","0.00","DANDUSED","","SOLD","N"
"S5025709","3","19","ILOAD","TQ4 MY20 VAN 5DR AUTO 5SP 1098KG 2.5DT","2FS7LJ","256000","WHITE/CLOTH","","DANDUSED","","SOLD","N"
"S5025724","2","18","ACCENT","RB6 MY18 SPORT HATCHBACK 5DR SA 6SP 1.6I","1MH5JR","78618","RED/CLOTH","15990.00","CRKU","","IN-STOCK","N"
"S5025733","2","16","I30","GD4 SERIES II MY17 ACTIVE HBK 5DR SA 6SP 1.8I","1XZ9TN","96175","BLUE/CLOTH","","DANDUSED","","IN-STOCK","N"
"S5025713","2","22","I30","PD.V4 MY22 ELITE HATCHBACK 5DR SA 6SP 2.0I","2AA7YY","78601","WHITE/BLACK","23990.00","CRKU","","IN-STOCK","N"
"S5025712","2","24","VENUE","QX.V5 MY24 ACTIVE WAGON 5DR AUTO 6SP 1.6I","2AQ2KR","14460","WHITE/BLACK","22990.00","CRKU","","LOANER","N"
"S5025739","1","18","KONA","OS.2 MY19 ELITE WAG 5DR SA 6SP 447KG 2.0I","N4NNYS","159774","BLUE/BLACK","0.00","CRKU","","WHOLESALE","N"
"S5025750","0","14","I30","GD2 MY14 TROPHY HATCHBACK 5DR SA 6SP 1.8I","1BQ5EE","169835","SILVER OR CHROME/LEATHER","","DANDUSED","","WHOLESALE","N"
